"PWHL Montreal goalie Elaine Chuli pays tribute to Ken Dryden, Carey Price with new mask | CBC Sports"
Colorado: Speeding motorcyclist wanted after posting journey on YouTube | US News | Sky News
"Manitoba landfill search could cost $90M, may be 'high-risk endeavour' due to asbestos: new report | CBC News"
Dior bag scandal: South Korea first lady's gift has President Yoon under fire
Taylor Swift’s name not searchable on X days after sexually explicit deepfakes go viral
Heidi Klum and Tiësto team up for a dance-floor update of 'Sunglasses at Night' | CBC Music
South Africa minister responds to ICJ ruling that Israel will face genocide investigation | News UK Video News | Sky News
Israel must take measures to prevent killing of Palestinians and 'punish the direct and public incitement to commit genocide' | World News | Sky News
"WWE founder Vince McMahon resigns after ex-employee’s lawsuit accuses him of sexual assault, trafficking"
Peut-on on vendre son chalet sans payer d’impôt? | Le Devoir
Aryna Sabalenka clinches back-to-back Australian Open titles with a victory over Zheng Qinwen
What the green deal means for fossil fuel jobs | Climate News | Sky News
What is nitrogen hypoxia and how can it be used in executions in the US? | News UK Video News | Sky News
Microsoft CEO responds to AI-made Taylor Swift fake nude images
"Trump condamné à verser 83,3 millions pour diffamation | Le Devoir"
GOP seizes on illegal immigration as an issue in New York special election
Un homme abattu dans un taxi à Montréal | Le Devoir
Utah's legislature passes transgender bathroom ban
"Alabama AG calls first nitrogen gas execution ‘textbook,’ but witnesses say inmate thrashed in final moments"
Israel will feel the ignominy of this case for years to come | World News | Sky News
"Patrick Roy, le "" king "" de Long Island | Le Devoir"
"Andrew Cuomo sexually harassed staffers and underlings retaliated against accusers, DOJ says"
Could Tory plot tempt Rishi Sunak into early general election? | Politics News | Sky News
Couple working as chauffeurs accused of stealing $34M from Oregon publishing giant in exaggerated and bogus charges
Museum of Natural History in NYC closes some Native American displays after Biden order
Morrissey treated for 'physical exhaustion' after two shows cancelled in California | Ents & Arts News | Sky News
Former Nancy Mace chief of staff files to run against ex-boss for South Carolina House seat | Fox News
Montréal en lumière: la gastronomie célébrée depuis 25 ans | Le Devoir
Caroline Manzo sued the Bravo network over alleged sexual harassment and sexual assault | Fox News
The U.S. just sold its helium stockpile. Here’s why the medical world is worried.
Multinational energy developer Orsted withdrew from offshore wind projects | Fox News
Donald Trump must pay E Jean Carroll $83.3m for calling her sex assault claim a lie | US News | Sky News
Marking Holocaust Remembrance day
Inside the fly farm breeding millions of flies for food | Climate News | Sky News
There’s no place for antisemitism: minister
Kansas City Chiefs fans found dead in friend's backyard: what to know | Fox News
More countries pause funds for UNRWA; Israel wants it replaced | CTV News
U.S. woman stuck overnight on chairlift
What PM's North Sea drill plan might mean for jobs - and the transition to net zero | Climate News | Sky News
112-year-old survivor and daughter reflect on Holocaust Remembrance Day
George Carlin's estate sues over AI-generated comedy special: 'We have to draw a line' | Fox News
Britney's 'Selfish' charting higher than Timberlake's song | CTV News
Jury finds man guilty of manslaughter in 2016 killing of former Saints defensive end Will Smith | Fox News
David Lametti croit que l’aide médicale à mourir devrait être élargie dès maintenant | Le Devoir
Israel-Gaza news: Airstrike kills 3 Palestinians as war rages on | CTV News
"La pauvreté, ça nous coûte cher ! | Le Devoir"
State of the 2024 Republican primary: Where the race stands | Fox News
The Traitors finalists on the ultimate betrayal: 'I trusted the wrong person' | Ents & Arts News | Sky News
Queen Elizabeth II was 'angry' over naming of baby Lilibet | CTV News
Border patrol nab sex offenders and convicted murderer trying to cross border | Fox News
'Campaigns of misinformation' around heat pumps says energy minister amid record number of installations | Climate News | Sky News
Uncertain future for workers at Grangemouth oil refinery as union leaders and ministers hold 'critical' meeting | Climate News | Sky News
Ford recall: Thousands of Canadian customers affected | CTV News
Juno Technologies innove pour la santé des femmes | Le Devoir
"Bill Maher, Seth MacFarlane clash on media trustworthiness during 'Real Time' | Fox News"
Canadian man pleads guilty to fraud in U.S. | CTV News
28 jours sans alcool | Un nouveau territoire à défricher | La Presse
À la recherche de l’effet wow ! | La Presse
Transgender veterans sue the VA for gender-affirming surgery
BYU fans asked to remove 'Horns Down' shirts during game against Texas: report | Fox News
Stratégies gagnantes pour diversifier votre entreprise | Le Devoir
Un boomerang contre Northvolt | La Presse
Kamala Harris and the awful truth about her White House amateur hour | Fox News
Chambly | Un homme de 33 ans perd la vie dans une collision frontale près de l'autoroute 10 | La Presse
Holocaust Remembrance Day has sombre tone amid antisemitism | CTV News
"Faites-nous rêver un peu, Monsieur Legault | Le Devoir"
Les femmes ingénieures changent la donne | Le Devoir
Caroline Senneville et le syndicalisme au féminin en 2023 | Le Devoir
"Meet the American who served as the model for Huck Finn, 'kindly young heathen' Tom Blankenship | Fox News"
""" Menace "" climatique | Joe Biden suspend les nouveaux projets d’exportation de gaz naturel | La Presse"
Jackie Robinson statue stolen from Wichita public park | Fox News
"On this day in history, January 27, 1943, US Eighth Air Force launches bombing offensive over Nazi Germany | Fox News"
Lost dog from Saskatchewan turns up in Toronto | CTV News
Nazi camp survivors mark 79th anniversary of Auschwitz liberation | CTV News
Démystifier l’économie | Pourquoi la demande d’électricité en hiver explose-t-elle ? | La Presse
Cap vers le zéro gaspillage | Le Devoir
"Faire le bon choix, au bon endroit | Le Devoir"
"Pointe-Gatineau | "" Un drame humain derrière chaque porte "" | La Presse"
"Vancouver Island creek name deemed offensive, could be changed | CTV News"
Post Office chairman Henry Staunton ousted amid row with government | Business News | Sky News
"L’autorisation du projet Northvolt était-elle ""déraisonnable""? | Le Devoir"
"Une saison des naissances ""positive"" pour les baleines noires | Le Devoir"
"Nerene Virgin, beloved children's entertainer and broadcaster, dies at 77 | CTV News"
Une brise d’optimisme pour l’immobilier | La Presse
Need a 'winter reset'? Experts share benefits of slowing down during colder months | Fox News
"Fredericton man with Down Syndrome spent months in hospital needlessly, family says | CTV News"
Alyssa Milano responds after critics slam her as ‘out of touch’ for requesting money for son's baseball trip | Fox News
Insurance policies: which are critical and which are nice-to-haves? | CTV News
"Procès en diffamation à New York | Donald Trump devra payer 83,3 millions à E. Jean Carroll | La Presse"
"""Manque de transparence"" et ""empressement"" dans l’approbation du projet de Northvolt | Le Devoir"
'Now that's a fish!' Quebec fishermen reel in 109-pound Atlantic halibut | CTV News
Cheeseburger served with waiver at Toronto restaurant | CTV News
"Filmmakers want help finding 'The Human Fly' who could be in Fergus, Ont. | CTV News"
King Charles and Kate Middleton: who steps in as they recover? | CTV News
"Ohio mother hopes for a cure to save her son, 8, from rare, fatal disease: ‘Gut-wrenching’ | Fox News"
"Otters seen slipping, sliding over ice and snow in Eastern Tennessee | Fox News Video"
La Cour supérieure rejette la demande d’injonction dans le dossier Northvolt | Le Devoir
Philadelphia City Council considers curfew on businesses in this open-air drug market | Fox News
Meurtre de Cédrika Provencher | De la preuve et de l’ADN retrouvés sur le lieu des ossements de Cédrika | La Presse
Should presidential candidates debate? Americans weigh in: ‘I want them to care’ | Fox News
Les enseignants ont-ils deux mois de vacances payées ? | La Presse
"Party-crazed squatters overrun multi-million dollar Beverly Hills-area mansion, outraged neighbors allege | Fox News"
Amazon: MacKenzie Scott sold US$10B in shares last year | CTV News
Trois changements au RRQ à connaître | La Presse
Se faire une cabane de pensée avec Pierre Vadeboncoeur | Le Devoir
"Measles spiking abroad but rare in Canada, for now | CTV News"
Le cardinal Gérald Cyprien Lacroix suspend provisoirement ses activités | Le Devoir
Strep infections in Canada: Symptoms and stories | CTV News
"Riley Gaines, Bethany Hamilton team up to defend women's sports at children's story hour | Fox News"
What to know about Japan spacecraft moon landing | CTV News
"Montréal : femme tuée vendredi, homme arrêté | Le Devoir"
Chris Young charges dismissed days after country star's arrest at Nashville bar | Fox News
Les enseignants franco-ontariens se dotent d’un mandat de grève | Le Devoir
Elon Musk visits Auschwitz as X under fire for antisemitic content | CTV News
Négociations entre les États-Unis et l’Irak sur l’avenir de la coalition internationale antidjihadiste | Le Devoir
Nouvelle frappe américaine après une attaque des Houthis contre un pétrolier britannique | Le Devoir
Astronomers detect water molecules in planet's atmosphere | CTV News
Squatter pirates flushed from vacation spot amid ‘disgusting’ water pollution crackdown: authorities | Fox News
Crise du logement | Où voulons-nous vivre ? | La Presse
"L’UNRWA se sépare d’employés après des accusations sur Gaza, Washington suspend ses fonds | Le Devoir"
Travaux de transformation | Le MAC annonce le début d’un long chantier | La Presse
"Advice from a Boomer: Hey, Gen Z, here's how you get a job (and keep it) | Fox News"
Ukraine news: Recorders found from Russia airplane crash | CTV News
Putin pledges to make investigation of POW plane crash public | CTV News
Hannity: Biden is pitting law enforcement against law enforcement in border crisis | Fox News
Border rancher praises Abbott for standing up to feds to protect Texans | Fox News
Il faut des états généraux sur l’énergie | La Presse
Jesse Watters: Every great nation had great walls | Fox News
Nikki Haley was targeted in a 'swatting' incident at her home in South Carolina | Fox News
"Ukraine news: Airplane crashes carrying prisoners of war, Russia says | CTV News"
La vengeance du petit Grégory | Ceci n’est pas un (autre) témoignage | La Presse
Hydro-Québec choisit des projets éoliens contestés | Le Devoir
Man convicted of manslaughter in killing of NFL star Will Smith | CTV News
"Trop attendre pour baisser le taux directeur peut être risqué, prévient le Mouvement Desjardins | Le Devoir"
"How to protect yourself from the Venmo, Zelle and Cash App scam that can wipe out your savings in seconds | Fox News"
"Dem launches campaign TikTok account, after suggesting the platform 'may be' a national security threat | Fox News"
Surfing dog: Jack Russel terrier rides waves in Peru | CTV News
Lisa Moore | Amours maternels et autres tempêtes | La Presse
Les cryptos sont-elles des valeurs mobilières ? | La Presse
Car thefts in Canada: Stolen vehicles found in Italy | CTV News
Maryland bill would require gun owners to buy up to $300K in liability insurance | Fox News
U.S. Tesla: 200K vehicles recalled over software glitch | CTV News
Chief of European border agency claims 'nothing can stop' migrants reaching the continent | Fox News
Texas can keep securing the border. Supreme Court didn't prevent it | Fox News
Chris Young: Charges dropped for the country singer | CTV News
"Au festival d’Angoulême, l’ambition de la bande dessinée canadienne et québécoise | Le Devoir"
"Israël et le Hamas en guerre, jour 112 | La CIJ appelle Israël à empêcher tout éventuel acte de "" génocide "" à Gaza | La Presse"
"Russia claims Ukraine shot down POW plane, Ukraine says there's no evidence | Fox News"
"Guerre en Ukraine, jour 702 | Les Ukrainiens ont abattu l’avion militaire russe, estime Poutine | La Presse"
Faut-il relire… Hubert Aquin ? | Le Devoir
"New Hampshire sent message, but it wasn't about Haley, Trump, Phillips or DeSantis | Fox News"
Rhino is pregnant using embryo transfer. Here's why that's important | CTV News
"Shocking antisemitism, Biden's border chaos, and more from Fox News Opinion | Fox News"
"""Soins de fin de vie: qui décide ?"": La mort nous appartient | Le Devoir"
Taylor Swift deepfake explicit images spread online | CTV News
Chicken flu impacting farms in California | CTV News
Alaska Airlines reprend ses vols avec les Boeing 737 MAX 9 | La Presse
Powerful jet stream set to impact Canadian weather | CTV News
"L’Alabama exécute un condamné par inhalation d’azote, indignation de l’ONU | La Presse"
George Carlin estate sues media company for fake AI comedy special | CTV News
Le projet Nature de proximité en danger prend son envol | Le Devoir
""" Les Indiens s’amusent "" : Voyage avec ses démons intérieurs | Le Devoir"
Do you need a prostate check? King Charles III raises awareness of common men's health condition | Fox News
Respiratory illnesses remain 'elevated' throughout much of country: CDC | Fox News
FDA approves first at-home sterile insemination kit to help with infertility: 'Gives me goosebumps' | Fox News
S’inspirer de l’hôtellerie pour repenser l’expérience client | Le Devoir
Une Thaïlandaise qui promenait un lionceau dans sa Bentley appréhendée | La Presse
"Actualités, nouvelles insolites, étranges, humoristiques | La Presse"
Les agriculteurs bloquent des autoroutes autour de Paris | La Presse
5 things to know about Martin Luther King Jr. and the legacy of the civil rights icon | Fox News
Cold case: How a Canadian woman's killer evaded justice for 40+ years | CTV News
La destination des Fêtes : tout le monde est là | Le Devoir
More CEOs fear their companies won't survive 10 years: survey | CTV News
Des lasers de pointe aux multiples vocations | Le Devoir
Carte blanche à Rosalie Bonenfant | Cachez cette larme que je ne saurais voir | La Presse
Face to face with a narco commander in Mexico | CTV News
"W5: A cold case murder, decades old, blown open by new scientific evidence | CTV News"
"Des "" vieilles fumeuses "" découvertes dans la Voie lactée | La Presse"
Shop American-made this holiday season starting with these 11 businesses | Fox News
Sex abuse survivors allege coverup by Jehovah's Witnesses
A Canadian grandmother's journey from romance scam victim to unwitting drug mule | CTV News
Régime enregistré d’épargne-études : un placement payant pour l’avenir des enfants | Le Devoir
"US launches 'self-defense' strike against Houthi anti-ship missile, CENTCOM says | Fox News"
"New Hampshire veteran admits to faking his need for a wheelchair to claim $660,000 in extra benefits | Fox News"
La grippe peut être une infection respiratoire grave chez les jeunes enfants | Le Devoir
Lynx Air | Nouvelle liaison Montréal-Los Angeles | La Presse
Mexico demands answers amid flood of US military-grade weapons to drug cartels | Fox News
"Le Bénin, perle de l’Afrique | La Presse"
Un nouveau havre de rêve à Punta Cana | Le Devoir
One-on-one with a Mexican cartel boss
"We Tested Out the Best Ergonomic Mice on the Market, and Here Are Our Honest Opinions"
It’s time to revive the American spirit. Here’s how we start | Fox News
"Pentagon’s watchdog releases report saying DoD lacks a policy on UFOs, UAP | Fox News"
Fox News AI Newsletter: America's role in Ukraine's unbelievable AI military development | Fox News
L’amyotrophie spinale n’est aujourd’hui plus associée à un diagnostic limitant la vie | Le Devoir
Heroic daughter saves mom's life twice by donating two organs in extreme medical rarity: 'Completely selfless' | Fox News
Un paradis nommé Playa Tambor | Le Devoir
Comment maximiser les chances de succès d’une startup en 2023 | Le Devoir
L’essentiel du MBA : une formation à la mesure de vos ambitions | Le Devoir
"George Clooney, Pierce Brosnan, Matt Damon reign as Hollywood’s silver foxes | Fox News"
Le défi sportif de Suzanne Clément | La Presse
Could a security guard shortage be solved with this autonomous security robot? | Fox News
"Brad Pitt, 60, shows off flawless age-defying look | Fox News"
Chef de file en recherche et innovation | Le Devoir
"Nicole Kidman poses in lacy lingerie, admits to 'wild' partying past | Fox News"
Hommage au très honorable Brian Mulroney pour sa contribution à la politique étrangère | Le Devoir
Génie de demain | Le génie électrique au-delà de l’énergie | La Presse
Exal : un vent de changement pour les appartements locatifs | Le Devoir
Patrick Swayze fans slam 'Road House' reboot starring Jake Gyllenhaal | Fox News
Une île paradisiaque au milieu des Caraïbes | Le Devoir
California bill would mandate all new cars have device limiting speed | Fox News
Israel news: Here the UN's 6 orders for Israel | CTV News
"Une affaire d’honneur, de Vincent Perez | Héros d’autrefois | La Presse"
Contribuer à faire fleurir des vies ! | Le Devoir
Regional Mexican music grew 60% in the US in 2023 | Fox News
"Pour les femmes, par les femmes | Le Devoir"
Comment gérer vos finances avec une augmentation de salaire ? | La Presse
Morgan Wallen slams release of early music against his wishes: 'It's gross' | Fox News
"En couple, le patrimoine des femmes est moindre | La Presse"
"Taylor Swift fan breaks world record for identifying the most songs in one minute, says it was 'easy task' | Fox News"
"Carrie Underwood, Heidi Klum share rare pictures of their children | Fox News"
Laurel Broten au service de l’économie canadienne | Le Devoir
"Vos affaires, façon Lanaudière : cinq entreprises à découvrir | Le Devoir"
Apple en tête du marché chinois des téléphones intelligents pour la première fois | La Presse
How to craft a delectable latke topping board for your Hanukkah gathering | Fox News
Odea Montréal : une ode à la forêt boréale | Le Devoir
Corée du Sud | Le PDG d’OpenAI rencontre les patrons de Samsung et HK Hynix | La Presse
Canada gets bronze in Ski World Cup: Kingsbury | CTV News
Centre-du-Québec le partenaire de vos événements d’affaires | Le Devoir
Trois accusés du vol d’une toilette en or plaident non coupable | La Presse
Air fryer turkey dinner for 2: Try the recipe | Fox News
Parenting advice: 'Risky play' good for children | CTV News
Comment la SAQ s’investit dans la vie collective du Québec | Le Devoir
Ramener la nature dans la vie des aînés | Le Devoir
La recherche canadienne sur les biomarqueurs pourrait amener une nouvelle ère dans le traitement de la SP | Le Devoir
Imaginer le musée de demain | Le Devoir
"The Ingraham Angle - Friday, January 26 | Fox News Video"
Bienvenue dans l’industrie du bonheur | Le Devoir
A private prison health care company accused of substandard care is awarded new contract in Illinois | Fox News
Jeep commercialisera son Wagoneer électrique à l’automne | La Presse
"Défis de la filière batterie, l’Université McGill fait partie de la solution | Le Devoir"
"Person taken hostage in southern Germany, but rescued unharmed | Fox News"
Venezuela’s highest court upholds ban on opposition presidential candidate | Fox News
Les sachets de détergent à lessive posent un risque important pour les enfants | La Presse
Une autre télé en français | Le Devoir
Leader of Somalia's breakaway Somaliland says deal with Ethiopia will allow it to build a naval base | Fox News
"Du sur-mesure en Europe, comme si vous l’aviez planifié vous-même! | Le Devoir"
Fin de mission pour l’hélicoptère de la NASA sur Mars | La Presse
Le roi Charles III subit une opération de la prostate | La Presse
Why some seniors should sign ‘driving contracts’ and agree to hang up their car keys | Fox News
Des corbeaux pour s’attacher au vivant | Le Devoir
Interac | Comment les entreprises canadiennes s’adaptent-elles au changement ? | La Presse
Des nouvelles de nos collègues du Vietnam | Le Devoir
""" Éviter des conséquences graves et irréversibles "" | La Presse"
TV host Andy Cohen swindled in costly bank scam: How to avoid becoming a victim | Fox News
L’inflation aux États-Unis sur la bonne trajectoire en décembre | Le Devoir
"Limiter les permis d’études devrait freiner la hausse des loyers, espère Macklem | Le Devoir"
"Tim Scott: Trump is shifting 'Great Opportunity Party's' political paradigm, appealing to women, millennials | Fox News"
Washington donne son feu vert aux F-16 réclamés par la Turquie | Le Devoir
Voting now open in annual Minnesota snowplow naming contest | Fox News
Pour avoir l’air intelligent au souper du samedi soir | La Presse
Éviter la distraction ou la déception ? | La Presse
L’audience concernant la demande d’injonction contre Northvolt repoussée à mercredi | Le Devoir
"‘Arctic zombie viruses’ could be released by climate change from thawing permafrost, some scientists claim | Fox News"
Trenton: Failed restaurant vandal caught on camera | CTV News
Tax filing 2024: Here's how to prepare for tax-filing season | CTV News
Travailleurs étrangers temporaires | Nos manufacturiers en ont toujours besoin | La Presse
"Le changement climatique derrière la sécheresse dévastatrice de l’Amazonie en 2023, selon une étude | Le Devoir"
"Poursuite de Jonathan Bettez contre la SQ | "" La personne qui a enlevé et tué Cédrika Provencher, ce n’est pas Jonathan ! "" | La Presse"
Ukraine: No evidence that it shot down plane with POWs | CTV News
Mayan ruin sites unreachable due to gang violence: Mexico | CTV News
"Urgences causées par les changements climatiques | Les maires sont des "" alliés de la première importance "", affirme le ministre Sajjan | La Presse"
Registre de publicités élections fédérales 2021 | Le Devoir
"ICE failed to adequately document major procedures, including hysterectomies, watchdog finds | Fox News"
"Sport, plein air et activité physique : cinq façons d’encourager le leadership des femmes | Le Devoir"
"Surfer dog Efruz, a Jack Russell terrier, loves to surf in Peru"
Ex-Providence coach Ed Cooley hit with vulgar chant in return to school | Fox News
Commémoration de l’Holocauste | Deborah Lyons déplore la montée de l’antisémitisme au Canada depuis la guerre à Gaza | La Presse
Border Patrol has 'no plans' to remove razor wire set up by Texas amid feud with Biden admin | Fox News
Selon Amira Elghawaby | La crainte de parler du conflit à Gaza aggrave la douleur des musulmans canadiens | La Presse
Lunar New Year Stanley cups sell out in just 30 minutes
Un portail pour mieux gérer la douleur | Le Devoir
Escapade au New Hampshire | Le Devoir
Tordre la vérité avec Bock-Côté | La Presse
Woman committed to mental institution for Slender Man attack asks for release | CTV News
Famous people celebrating milestone birthdays in 2024 | CTV News
Saison 2 | Le balado Juste entre toi et moi animé par Dominic Tardif | La Presse
Voyages d’affaires : comment optimiser chaque déplacement | Le Devoir
Celebrities who met and fell in love on set | CTV News
Transgender swimmer Lia Thomas has mounted a legal challenge against World Aquatics
Florida UNF students protest imminent closing of LGBTQ center
"If you can’t name a half-decent role model, you can’t work here | Fox News"
"Israël et le Hamas en guerre, jour 113 | Combats meurtriers dans le sud de Gaza, Israël veut en finir avec l’UNRWA | La Presse"
Mobiliser la communauté pour l'université du futur | Le Devoir
Mieux comprendre l'impact du revenu et des inégalités sur la santé | Le Devoir
Hunter Biden's 'sugar bro' threatens lawsuit against Jonathan Turley | Fox News
"Travis Kelce, Taylor Swift don’t listen to outside noise: ‘As long as we’re happy’ | Fox News"
Four new emperor penguin colonies spotted in Antarctica by scientists analyzing poop
Aventures dans le New Hampshire | Le Devoir
Remembering Kobe Bryant on 4th anniversary of his death | CTV News
Rideau Canal Skateway reopens after two years | CTV News
Libération du camp d’Auschwitz-Birkenau | Des survivants de la Shoah commémorent le 79e anniversaire | La Presse
Immigration | Donald Trump exprime son opposition à un accord bipartite défendu par Joe Biden | La Presse
Social media videos of 'gatorcicles' draw big numbers as experts say the reptiles are alive and well
NASA’s little helicopter on Mars has logged its last flight
Japan's moon probe nailed its landing but took a tumble
"Des produits bons pour la peau, bons pour la planète ! | Le Devoir"
Petits et grands plaisirs caféinés pour Noël | Le Devoir
Are ‘sleepunders’ and ‘lateovers’ replacing the traditional sleepover? | Fox News
Armed mom holds man at gunpoint after finding him sexually abusing daughter | Fox News
Un enjeu social sous enquête | Le Devoir
Crisis in the Northwest: Are voters 'beyond a turning point' after decades of progressive politics? | Fox News
Planned Parenthood hammered after sharing video redefining sex act as whatever ‘you’ want it to be | Fox News
96th Academy Award Nominations for Best Picture | CTV News
La Reine-garçon ou le bouleversement des mœurs | Le Devoir
Americans are warming to climate change - but they can't agree after that
Sentiers de motoneige | Blitz de surveillance pour faire baisser le nombre de décès | La Presse
A Starbucks employee helped stop a robbery at his store. The company fired him.
"San Francisco’s oldest toy store closing due to inflation, ‘perils and violence' of crime downtown | Fox News"
S’évader lors d’un séjour en nature près de Québec | Le Devoir
Trump win 'certainly possible': Canadian ambassador to U.S. | CTV News
Hiker from California dies suddenly at Utah's Zion National Park | Fox News
Une incursion dans la vie des ados | Le Devoir
3e meurtre de 2024 | Un homme abattu dans un taxi à Montréal | La Presse
Des puits de lumière dans les déserts de haine | Le Devoir
George Carlin's estate sues over AI-generated stand-up special titled 'I'm glad I'm dead'
What are the best companies to work for in Canada? | CTV News
L’ancien député libéral Yves St-Denis n’est plus | La Presse
"Tesla recalls 200,000 vehicles over backup camera glitch"
Écrasement d’un avion militaire en Russie | L’Ukraine s’interroge sur l’absence d’images des corps des soldats prisonniers | La Presse
Dans l’obscurité profonde d’Immigration Canada | Le Devoir
Just plane rude: what to do when people invade personal space on an airplane | Fox News
Strep A: How wait times are impacting Canadians | CTV News
Snow ducks take over the University of Calgary | CTV News
"Middle East latest: 'Ironclad' intel shows UN agency staff links to Hamas, says Netanyahu adviser; dramatic photos show oil tanker attack | World News | Sky News"
"First female LA Times editor talks layoffs, losing journalists of color"
Weekend Money: Worst month to buy certain items revealed; cheaper car insurance hack; US trend that could add big value to house | UK News | Sky News
UN agency chief 'shocked' as nine countries pause funding over claims staff involved in Hamas attack | World News | Sky News
Canada's only federally owned and operated horse ranch | CTV News
Tucker Carlson: Danielle Smith criticized for attending events | CTV News
"Suggestion culturelle: ""Natures humaines"", couples en survie | Le Devoir"
"Suggestion culturelle: le ballet techno hypnotisant de "" Soul Chain "" | Le Devoir"
"Réseau express métropolitain | Le service à nouveau affecté, quatrième pépin en quatre jours | La Presse"
Multi-vehicle pile up on Chesapeake Bay Bridge causes delays and injuries | Fox News
Canada to re-start Turkiye arms exports: sources | CTV News
"Covid in pregnancy can cause health issues in babies, studies suggest"
Tournées internationales | Montréal est-il encore sur la carte ? | La Presse
Entrevue avec le réputé commissaire Olivier Marboeuf | Le Devoir
"Rising consumer confidence, CityFibre sales increase and Hitachi talks renewables | Business News | Sky News"
"'Sephora kids' trend raises skin-care red flags, dermatologists say | CTV News"
"Ian King Business Podcast: US economic growth, Foxtons results, and car market boost | Business News | Sky News"
NYC dancer dies after eating mislabeled cookie with undeclared peanuts
Bicentenaire au faîte de la confusion pour Anton Bruckner | Le Devoir
Payouts coming for hundreds of Alberta health workers impacted by COVID-19 vaccine rules | CTV News
"De belles voix pour ""Cendrillon"" d’Opéra McGill | Le Devoir"
"University students, staff concerned over increased surveillance on exams | CTV News"
Texas again rebuffs DHS demand for 'full access' to disputed border area | Fox News
Measles in the U.K.: Health authorities warn outbreak could grow
Bilan annuel 2023 | La Presse en position de réinvestir dans le journalisme au Québec | La Presse
"Le gouvernement Biden a des ""préoccupations"" sur l’affichage en français | Le Devoir"
Holocaust survivor in Israel discusses Oct. 7 attack | CTV News
Canada's oil sands emit more pollution than reported: study | CTV News
Doomsday Clock: What is it and how does it work? | World News | Sky News
Un projet rondement mené | La Presse
With the push of a button this compact RV adds extra space with a simple twist | Fox News
U.S. and China to hold high-level talks aimed at curbing the fentanyl crisis
Six of UK's nine nuclear reactors temporarily shut down | Business News | Sky News
Celine Dion: how her story inspires other stiff person syndrome sufferers | CTV News
"Immobilier, architecture, patrimoine, transactions, visites libres, condos | La Presse"
"L’""extrémiste du centre"" Denis Coderre signe son retour au Parti libéral du Québec | Le Devoir"
À quoi s’attendre de l’enquête sur l’ingérence étrangère ? | Le Devoir
"Flood risk increased with new housing built without defences in vulnerable areas, MPs warn | Climate News | Sky News"
Les ravages de la guerre à Gaza documentés par satellite | Le Devoir
Elon Musk fires back at Biden's call for legislation to solve border crisis | Fox News
ClimateCast: Are heat pumps worth it? | Climate News | Sky News
"Emergencies Act: Decreased likelihood of having to invoke in future, former NSIA says | CTV News"
"Government can't prove biomass industry meets sustainability rules, National Audit Office says | Climate News | Sky News"
Oil and gas vote is a political boost for PM - but won't help our energy needs | UK News | Sky News
Electric vehicles could cut oil imports by same amount as new North Sea licences - analysis | Climate News | Sky News
WATCH LIVE: Donald Trump delivers remarks at Nevada Commit to Caucus Rally | Fox News Video
Cruise ship docking in Miami is world's largest | CTV News
Virée familiale à Montebello | Le Devoir
More than 40 vehicles crash on Chesapeake Bay bridge | CTV News
Two players ejected in women's college basketball game after punches thrown over loose ball | Fox News
Seniors on BC Housing waitlists dream of call from agency | CTV News
Chris Skidmore - the Tory climate rebel who quit parliament | Climate News | Sky News
Sewer power to heat hundreds of homes in Bolton | Climate News | Sky News
29 boissons d’ici pour savourer la sobriété | Le Devoir
Au Bélize en bateau | Le Devoir
"WATCH: Clown mask-wearing suspect robs convenience store at gunpoint, runs off with loot | Fox News"
King Charles III admitted to London hospital for prostate operation
Satellites used to spot new emperor penguin colonies in the Antarctic from space | Climate News | Sky News
An American scientist says the perfect cup of tea involves salt and lemon
Donald Trump is on the hook for US$88.3 million | CTV News
"La CAQ en 2024, juste commencer à être bons | Le Devoir"
Trump team made ‘early on’ attempts to recruit RFK Jr. as former president's running mate: report | Fox News
"Matthew Turner: Decorator who stole £32,000 worth of watches from Duke of Westminster's bedroom avoids jail | UK News | Sky News"
"Kasey Palmer: Fans booing racially abused player are 'idiots' and 'absolute clowns', Coventry City manager Mark Robins says | UK News | Sky News"
US 'planning to move nuclear weapons to Suffolk RAF base' | UK News | Sky News
Microsoft CEO responds to Taylor Swift deepfakes
Countries pull UNRWA funding after staffers accused of aiding Oct. 7 attacks | Fox News
Le mot en a de la politique québécoise | Le Devoir
Jay Leno files for conservatorship over wife Mavis' estate following her dementia diagnosis | Fox News
Mikaela Shiffrin taken away by ambulance after crash in Cortina during a World Cup downhill
Trudeau and Singh's teams drafting electoral reform bill | CTV News
"NRA head Wayne LaPierre, testifying at corruption trial, confirms details of lavish lifestyle"
Greta Thunberg joins protest against Farnborough Airport expansion | Climate News | Sky News
Family of Nottingham attacks victim Barnaby Webber 'fully support' calls for public inquiry | UK News | Sky News
Cessons de refiler nos problèmes à l’école | Le Devoir
N.H. veteran admits he faked need for a wheelchair to get $660K in extra benefits
Non-League Maidstone United stun Ipswich Town in huge FA Cup upset | UK News | Sky News
L’humoriste Mike Ward présente son sixième spectacle solo | Le Devoir
Élise Lafontaine: les dédales de ce corps confiné | Le Devoir
"Over 90 Americans have died after cosmetic surgeries in the Dominican Republic, CDC says"
Chester market evacuated after 'large amount of chilli fumes' | UK News | Sky News
'My homeland called me': The middle-aged soldiers called up in Ukraine's latest military mobilisation | World News | Sky News
"La fin des tâches ménagères, vraiment ? | Le Devoir"
Allegations of research misconduct roil Dana-Farber Cancer Institute
Utah passes a bill banning diversity programs in government and on campuses
Brittany Watts on being arrested after miscarriage
Can you beat a lie detector? UK police increasingly using polygraph tests - here's how people try to cheat | UK News | Sky News
"Moonshine, la fédération internationale des musiques de club | Le Devoir"
Man who attacked Asian American man in Florida is acquitted of hate crime
"Lisa Moore: L’amour, ce choix radical | Le Devoir"
More US states will follow after 'human guinea pig' execution - in spite of varying witness accounts | US News | Sky News
"Sean Bell: RAF jets flying 3,000 miles for Houthi strikes as flagship aircraft carriers remain in UK - here's why | World News | Sky News"
Latino journalist layoffs threaten coverage of 2024 election disinformation targeting Hispanics
"La nomination de Denise Helly au CA de l’INRS bloquée en raison de ""liens"" avec l’imam Adil Charkaoui | Le Devoir"
A gay man was brutally murdered in Arizona. Was it a hate crime?
Falling by the Waugh-side - former journalist fails to clinch chance to be MP | Politics News | Sky News
"La Chine et les États-Unis disent avoir eu de "" franches "" discussions à Bangkok | Le Devoir"
Alaska Airlines fait de nouveau voler ses Boeing 737 Max 9 | Le Devoir
Georgia Senate approves resolution to establish panel to investigate Fani Willis
Britney Spears’ 2011 ‘Selfish’ surpasses Justin Timberlake’s new song with same name on iTunes
U.S. warns travelers to the Bahamas to be cautious after 18 murders in capital this year
"Des milliers de dons de sang après la fin de l’interdiction liée à la ""vache folle"" | Le Devoir"
Knife crime: Actor Idris Elba urges government to speed up ban on zombie knives | UK News | Sky News
Le danger plutôt que la faim: des milliers d’Indiens en quête d’un emploi en Israël | Le Devoir
White House firms up notification rules for Cabinet members after Lloyd Austin’s hospitalization
'I jumped up and down' - Colman Domingo on the shock of discovering his Oscar nomination | Ents & Arts News | Sky News
The Traitors: 'It's like being knighted' - Amanda Lovett on Claudia Winkleman's tap on the shoulder | Ents & Arts News | Sky News
"Northvolt, Oscar et taux directeur : le Défi de l’info du 26 janvier 2024 | Le Devoir"
Comment se diriger vers un nouveau monde du théâtre | Le Devoir
Last confirmed Maui wildfire victim is identified
Luka Doncic scores 73 points in Friday night game
"Holocaust Memorial Day: UK is 'part of global rise in antisemitism', says actress Maureen Lipman | UK News | Sky News"
Hunter Biden benefactor Kevin Morris details $6.5M in loans to president's son
Le jugement de la Cour internationale de justice sur Gaza et Israël décortiqué en cinq questions | Le Devoir
"Guerre Israël-Hamas : combats meurtriers dans le sud de Gaza, l’UNRWA fragilisée pour apporter son aide aux civils | Le Devoir"
Former lawyer for Fugees rapper Pras Michel fined and sentenced in contempt case
Andrew Scott and Paul Mescal on 'masculinity crisis' for today's men | Ents & Arts News | Sky News
The Climate Show's Tom Heap explores whether heat pumps are the answer to low-carbon heating? | Climate News | Sky News
Alabama prisoner killed in first nitrogen gas execution 'used in experiment like a guinea pig' says acquitted death row inmate | News UK Video News | Sky News
Le programme de visa temporaire pour les Palestiniens inquiète par ses délais | Le Devoir
La date de péremption en politique | Le Devoir
"No evidence for Russia’s claim that dozens of POWs died in plane crash, Ukraine says"
CELIAPP ou REER d’ici le 29 février? | Le Devoir
Beijing steps up military pressure on Taiwan after the U.S. and China announce talks
CBC Podcasts
"American founder of Haitian orphanage sexually abused 4 boys, prosecutor says"
'We all have big anger inside of us': Inside the French farmer protests | World News | Sky News
Jackie Robinson statue stolen from a Kansas park after sculpture cut off at ankles
Trump: Voters tell Sky's Mark Stone about the seemingly enduring appeal of Donald Trump | US News | Sky News
Barbie's Ken Ryan Gosling reacts to Margot Robbie and Greta Gerwig Oscars snubs | Ents & Arts News | Sky News
NATO Admiral says 'we are preparing for war with Russia' | News UK Video News | Sky News
Si vous les avez manqués | Le Devoir
"Ski alpin, ski de fond, ski acrobatique, saut à ski, surf des neiges | La Presse"
Why is the Philippines' war on drugs being investigated? | World News | Sky News
Man convicted of manslaughter in the killing of former New Orleans Saints star Will Smith
"Lake Elmo, Minnesota, authorities dedicated to solving 1988 disappearance of Sue Swedell: ‘It’s been too long’"
Ukrainian drone strikes oil storage depot in western Russia | World News | Sky News
"Ikea slashes prices on Billy, Svartpoppel and more - despite shipping problems in Red Sea | CBC News"
Une tenue unique à l’école publique en France à partir de 2026? | Le Devoir
"""Cette science nécessaire"", ou quand les étudiants en médecine volaient des cadavres | Le Devoir"
Ukraine war: Russian military transport plane crashes near Belgorod | World News | Sky News
"Groups spent record $4.2 billion in 2023 lobbying federal lawmakers, report says"
Ukraine war: Russia launches barrage of missiles on Kharkiv and Kyiv | World News | Sky News
Le château Bahia sauvé par des Français | Le Devoir
Cycling Canada permanently bans athlete for code of conduct violations | CBC Sports
"À Gaspé, des Philippins à la rescousse de l’industrie éolienne | Le Devoir"
Alyssa Milano defends setting up GoFundMe seeking donations for son’s baseball trip after backlash
Bestselling author faces fallout after BookTok creators call out ‘racy’ promotion request
Ukraine war: Nine people wounded in Russian attack on Kharkiv - the third in 24 hours | World News | Sky News
"Ottawa's Adzija on target again, while Montreal surges to top of standings in PWHL | CBC Sports"
"Le train gaspésien sur les rails, si la nature le veut | Le Devoir"
Man accused of smuggling migrant family who froze to death at border found living outside Toronto | CBC News
Ukraine war: Air raid sirens and artillery in Kherson | World News | Sky News
'I'm done': Bruising forward Wayne Simmonds calls time on NHL career after 15 seasons | CBC Sports
Jay Leno files for conservatorship of his wife's estate; petition says spouse of 43 years suffering from dementia
Russian military plane debris scattered across field following crash on Ukraine-Russia border | World News | Sky News
Volodymyr Zelenskyy says Russia is 'messing with our lives' | World News | Sky News
"Trump must pay E. Jean Carroll $83 million in defamation damages, jury rules"
"Geoff McFetridge's art is everywhere. It's in movies, trains stations and even on your wrist | CBC Arts"
This memorial maze in Scotland honours 11 people executed for witchcraft | CBC Documentaries
Artist trained rats to take selfies to make a point about social media | CBC Radio
"The economy is doing better than expected. Your 401(k) probably is, too."
Russia releases images of aftermath of plane crash site in Belgorod | World News | Sky News
"Hockey, Canadien de Montréal, ligue nationale, LNH, NHL, ligue américaine, Rocket de Laval, LHJMQ, pool, résultats, statistiques, classement | La Presse"
Russia: Putin says Kyiv was behind Belgorod plane crash and pledges to release full investigation in coming days | World News | Sky News
Tax Day 2024: A silver lining from high mortgage interest rates: Bigger deductions on this year’s taxes
North Carolina teacher's financial lessons go viral on TikTok
The bestselling Canadian books of the week | CBC Books
How did Dad TV get so popular? | CBC Arts
Israel-Hamas war: Greenpeace hangs Gaza ceasefire artwork from Madrid museum | World News | Sky News
Israel Hamas war: Displaced Gaza resident heading to Rafah crossing says 'we have no choice but to beg in order to get by' | World News | Sky News
Jury says Donald Trump must pay $83M US more to writer E. Jean Carroll | CBC News
Canadiens forward Gallagher suspended 5 games for illegal check to head | CBC Sports
"Sextortion training materials found on TikTok, Instagram, YouTube"
Israel-Hamas war: Cameron meets Israeli PM in Jerusalem to call for 'urgent humanitarian pause' | World News | Sky News
Israel-Hamas war: Several killed in 'tank attack' on UN building in Gaza | World News | Sky News
Israel-Hamas war: What is genocide? | World News | Sky News
SAG-AFTRA slams digital fakes of Taylor Swift and George Carlin
"Israel-Hamas war: Lord Cameron outlines his route to a 'permanent, sustainable ceasefire' | World News | Sky News"
Aryna Sabalenka beats Zheng Qinwen for back-to-back Australian Open women's titles | CBC Sports
Shipyard veterans may have been exposed to cancer-causing radioactive materials. The Navy has not told them.
Women's apparel doesn't have enough pockets. This expert says that has to change | CBC Radio
Are cellphone bans in schools a good idea? Experts weigh in | Article | Kids News
Nazi death camp survivors mark 79th anniversary of Auschwitz liberation on Holocaust Remembrance Day
Why I wanted to solve the mystery of Bitcoin's creator | CBC Documentaries
Vince McMahon resigns from WWE parent company after ex-employee files sex abuse lawsuit | CBC Sports
Holocaust Memorial Day: Survivors say 'antisemitism is always there' | UK News | Sky News
"80 years after the Holocaust, a genealogy test helped her find a cousin she never even knew was alive"
"Gaza: US, UK and Canada have paused funding to the UN's relief agency in Gaza (UNRWA) over allegations that several of its employees were involved in the 7 October attacks | World News | Sky News"
"Explicit fake images of Taylor Swift prove laws haven't kept pace with tech, experts say | CBC News"
What new Brexit rules mean for your flowers | Business News | Sky News
Doctor describes chaos at Nasser Hospital as healthcare services collapse
Glenn Hoddle: 'Shrewd move' by Jurgen Klopp to leave Liverpool | News UK Video News | Sky News
Canada pauses funding to UN relief agency over workers' possible role in Oct. 7 attack on Israel | CBC News
Biden promises to ‘shut down’ the border if given the authority in a bipartisan bill
"A city of 710,000 struggles to cope with 40,000 migrant arrivals"
Taylor Swift deepfake: White House 'alarmed' over sexually explicit images | Ents & Arts News | Sky News
What's the future of work? This pop-up museum may have the answers | CBC Arts
This wildlife park's parrots won't stop swearing. Especially Sheila | CBC Radio
Lie detectors: Do the polygraph tests increasingly used by police work and can they be beaten? | UK News | Sky News
"Mavericks' Doncic scores 73, tying mark for 4th-most points in NBA game | CBC Sports"
Climate activist Greta Thunberg leads a protest against the Farnborough Airport expansion | UK News | Sky News
Ghosting with Luke Hutchie and Matthew Finlan | Shows | CBC Gem
Queen Camilla has left The London Clinic after visiting the King after he received treatment for an enlarged prostate | UK News | Sky News
Newfoundland and Labrador News | Local Breaking | CTV News
"Netanyahu praises the ICJ for having ""justly rejected"" South Africa's case | World News | Sky News"
South African leaders celebrate but the lack of a ceasefire order is a huge blow | World News | Sky News
Are we heading for World War Three? Experts give their verdicts | World News | Sky News
Israel-Hamas war: How much pressure is Benjamin Netanyahu under? | World News | Sky News
Putting electric vehicles to the test: Are we ready for 2035? 10 | Marketplace | CBC Gem
New Netflix doc explains how a U of Manitoba prof became the face of a fake CEO in crypto scam | CBC News
"Freight through Suez Canal slashed by almost half in wake of Houthi attacks, says UN agency | Business News | Sky News"
Retirement at sea | Cost of Living with Paul Haavardsrud | Live Radio | CBC Listen
UK-US strikes against Houthis were a gamble - but they appear to be backfiring | World News | Sky News
UK pauses funding to UNRWA over claims staff were involved in Hamas attack | UK News | Sky News
'Hague schmague': Minister dismisses world court after it says Israel must take measures to prevent genocide in Gaza | World News | Sky News
Dateline: In-Depth Investigations of News Stories with Lester Holt - NBC News | NBC News
Queen visits King in hospital after prostate treatment | UK News | Sky News
"Jurgen Klopp is 'very shrewd' to quit Liverpool, former England manager Glenn Hoddle says | UK News | Sky News"
Nightly News with Lester Holt: The Latest News Stories Every Night - NBC News | NBC News
Hockey star Sarah Nurse answers 8 questions in 2 minutes | CBC.ca
Are Canadians still willing to give Justin Trudeau a second look? | CBC News
"AI is increasingly being used to deal with climate change, but it has its own emissions problem | CBC News"
The Traitors finalists on the ultimate betrayal: 'I trusted the wrong person' | Ents & Arts News | Sky News
6 stunning high-altitude lakes to visit in British Columbia | CBC.ca
Taylor Swift's name not searchable on X after sexually explicit fake images circulated | Ents & Arts News | Sky News
How do you film a great white shark in Nova Scotia? With a lot of patience | Jawsome: Canada's Great White Sharks | CBC.ca
Liverpool fire: Major incident declared as large building 'showing signs of collapse' | UK News | Sky News
"$83.3M verdict against Trump aimed to deter him, says law professor | CBC.ca"
#TheMoment Bunny the dog learned how to ‘speak’ | CBC.ca
"Ukraine would win war faster if it could fire British weapons into Russia, head of navy says | World News | Sky News"
UN agency chief 'shocked' as nine countries pause funding over claims staff involved in Hamas attack | World News | Sky News
Is your home overrun with reusable bags? You're not alone. | CBC.ca
Post Office chairman Henry Staunton ousted amid row with government | Business News | Sky News
"After 35 years, DNA evidence leads to 1st-degree murder charge in P.E.I. cold case | CBC News"
"Middle East latest: 'Ironclad' intel shows UN agency staff links to Hamas, says Netanyahu adviser; dramatic photos show oil tanker attack | World News | Sky News"
Make these Middle Eastern stuffed onions for a warming weeknight meal | CBC Life
1984: The year that gave us the Macintosh and more | CBC Arts
"Why deadly, invasive strep A infections are surging in Canada and beyond | CBC News"
Kentucky couple adopts baby surrendered at fire station: 'God's hand is absolutely in this' | Fox News
Warning for cruise passengers as sexual assaults hit new high for 2023 sailings | Fox News
