"Le Devoir | Nouvelles, politique, économie, culture et chroniques"
Fox News - Breaking News Updates | Latest News Headlines | Photos & News Videos
Les caricatures de Godin | Le Devoir
"CTV News - Breaking News, Canada News Today"
LaPresse.ca | Actualités et Infos au Québec et dans le monde
"CBC.ca - watch, listen, and discover with Canada's Public Broadcaster"
The Latest News from the UK and Around the World | Sky News
"NBC News - Breaking News & Top Stories - Latest World, US & Local News | NBC News"
Opinion | Le Devoir
À propos - La Presse
Politique municipale - Actualité municipale québécoise | Le Devoir
Artificial Intelligence | Fox News
FOX News Radio
Science and Technology News | CTV News
"Cinéma québécois, cinéma international, films | La Presse"
"Health News: Disease, Nutrition, Healthcare & More | NBC News"
Latest Breaking News Videos | Fox News Video
Live Radio | CBC Listen
Business and Finance News | CTV News
"Spectacles, musique, livres, théâtre, arts visuels, humour, danse, télévision, séries, radio, balado, cinéma, culture, cirque | La Presse"
Tech News - Latest Technology and Gadget News | Sky News
[no-title]
Science | Le Devoir
TERROR | Fox News
Climate and environment news and analysis | CTV News
Chroniques | La Presse
Weather Today | Canada Forecast | CTV News
ECONOMY | Fox News
Caricatures | La Presse
The Latest News from the UK and Around the World | Sky News
Actualité ville de Québec - Nouvelles sur la ville de Québec. | Le Devoir
"Science News: Latest Development and Breakthroughs in Technology, Health, and More | NBC News"
Weather Forecast - World & Local Weather Report Online | Sky News
Autos News | Electric Vehicles | CTV News
FOX Nation- Geographic Restriction
"Business and Finance News, Reports & Videos | NBC News"
Nanos research | Polling Canada | CTV News
Technology and Media News | NBC News
Recettes | Le Devoir
Loisirs et mode de vie | Le Devoir
Fox Nation | Fox News
SCANDALS | Fox News
NBC News Site Map
Chroniques | La Presse
Maison et habitation - Le Devoir.com | Le Devoir
"Actualités internationales, Moyen-Orient, Gaza, Afghanistan, Israël, Irak, Iran, Syrie, Arabie Saoudite | La Presse"
Movies | Fox News
Home
Courrier des lecteurs | La Presse
Saskatoon News | Local Breaking | CTV News Saskatoon
Balados | Le Devoir
MLB | Fox News
"Technologie, mobile, Internet, réseaux sociaux, jeux vidéo, assistant vocal | La Presse"
NHL | Fox News
W5 | Exclusive Investigations | CTV News
Premium Subscription | CBC Gem
Video | Watch Breaking News and Live Coverage | CTV News Toronto
CTV News VI | Video - Must Watch and Your Island News
"Latest News: Top News Stories, Updates, Videos, and Photos | NBC News"
CTV News Live Today | Watch Video and Live Streaming
Sandy Lachapelle | Le Devoir
Security | Fox News
AIR AND SPACE | Fox News
Guide auto | La Presse
Balados | La Presse
CBC.ca
Prince Albert News | Local Breaking | CTV News Prince Albert
Video Games | Fox News
"Conseils, trucs, astuces, recommandations | La Presse"
CTV News Video FAQ | CTV News Video Frequently Asked Questions | CTV News
Red Deer News | Central Alberta News | Local Breaking
Regina News | Regina Weather | CTV News Regina
"Cinéma, film, acteur, actrice, réalisateur, réalisatrice, box-office, tournage, cinéma québécois, cinéma américain, cinéma étranger, critiques, bandes-annonces | La Presse"
CTV News | Editorial Standards and Policies
Search Results
CTV News Stox | CTV News
Chroniques | La Presse
Dominic Waghorn | Sky News
Fox News Shop | The Official Fox News Store | Gifts and More!
Fox News Channel | Corporate Information | Company Info | Fox News
Top Gift Ideas & Best Guides in Canada | Shopping Trends
Canada's Leading Electronic Products Reviews | Shopping Trends
Chroniques | La Presse
"Animaux domestiques, animaux de compagnie, chat, chien | La Presse"
Weekend Money: Worst month to buy certain items revealed; cheaper car insurance hack; US trend that could add big value to house | UK News | Sky News
Pembroke | Local Breaking | CTV News Ottawa
[no-title]
À la fin | Le Devoir
Accessibility Feedback | CBC Accessibility
"États-Unis, vacances, voyage, séjours, escapades, destinations, conseils, tourisme, New-York, Chicago, Californie, Floride | La Presse"
"Asie, vacances, voyage, séjours, conseils, tourisme, Chine, Japon, Vietnam, Thaïlande, Bali, Hong Kong, Tokyo, Pékin, Shanghai | La Presse"
"Europe, vacances, voyage, séjours, escapades, destinations, conseils, tourisme, France, Paris, Royaume-Uni, Italie, Allemagne, Scandinavie, Europe de l'Est, Russie | La Presse"
"Caraïbes, vacances, voyage, séjours, escapades, destinations, conseils, tourisme, Cuba, République dominicaine, Haïti, Jamaïque | La Presse"
Série Les métiers de l'ombre en culture | Le Devoir
SPORTS | Fox News
Série A posteriori le cinéma | Le Devoir
"Décoration, design, idées, mobilier, tendances, trouvailles | La Presse"
"Cour, jardin, piscines, spas, piscine, plantes, potager | La Presse"
"Rénovation, entretien de la maison, bricolage, outils | La Presse"
Circus animals rescued after truck catches fire: Photos | CTV News
Sports News - Breaking News & Top Stories | NBC News
"Canadien - Penguins | Sans Gallagher, sans émotion ? | La Presse"
"Artificial intelligence news: Chat AI, ChatGPT, AI generator, AI Chatbot and Bard | NBC News"
"Russia-Ukraine News: Latest Updates, Analysis, and Video on the Conflict and Geopolitics | NBC News"
Auto: News & Reports on the Auto Industry | NBC News
"B.C. weather: Atmospheric river brings rain, flood alerts | CTV News"
Contact Us
Daily Crossword Puzzle Online Games by Fox News
Intelligence artificielle | Comment entraîner l’IA sans le savoir | La Presse
Canadian farm dog nestles its way into flock of sheep | Fox News Video
Political cartoons of the day | Fox News
Closed Captioning
Video of beaver building dam at Toronto’s waterfront | CTV News
"Les marchés trop optimistes, selon Jean Boivin | La Presse"
"Poste de préposé aux bénéficiaires | "" Interdit "" et "" humiliant "" pour les musulmans, selon deux imams | La Presse"
Watch as a 200-pound dog isn't sure what to make of new kitten sibling | Fox News Video
Le pneu crevé | La Presse
Guerre en Ukraine | Le Devoir
NFL | Nos prédictions pour les finales d’association | La Presse
"Penguins de Pittsburgh | Mille matchs plus tard, Eller est toujours là | La Presse"
Guerre entre Israël et le Hamas | Le Devoir
"Documentaire Chosen One | Alexandre Daigle, l’heureux élu | La Presse"
Fox News Flash | Fox News
Alphabétisation et lecture | L’avenir en cadeau | La Presse
Crise du logement | Le Devoir
Inflation | Le Devoir
Le carnet des collines | La Presse
Intelligence artificielle (IA) | Le Devoir
Tournée médiatique | La Presse
De fabricant de mines antipersonnel à démineur | Le Devoir
"NBA: Luka Doncic scores 73, Devin Booker scores 62 | CTV News"
""" Style libre"" : tous nos articles | Le Devoir"
"Série ""Coup d'essai"" | Le Devoir"
L'actualité en vidéos | La Presse
AI news in Canada | CTV News
Samsung Galaxy phones aim to make AI more mainstream | CTV News
America Together | Fox News
Glissez l’Europe 2024 sous le sapin ! | Le Devoir
About us
"Chine | Gong, lits et bougies : des jeunes chassent le stress avec des siestes | La Presse"
"12 Of The Best Lengthening Mascaras You Can Get Online, According To Reviewers"
"Gift Ideas, Product Reviews and Top Deals in Canada | Shopping Trends"
Conseils d’expert | L’automobile en questions | La Presse
21 Of The Best Valentine's Day Gifts You Can Get Under $50
Our Guide to the Best Heated Socks in Canada in 2024 (And Where to Get Them)
Our Guide to the Best Fitness Trackers in Canada in 2024 (And Where to Get Them)
Weekend read: Best stories of the week in Lifestyle in case you missed them | Fox News
Les vins de la semaine | La Presse
Bières sans alcool | L’embarras du choix | La Presse
16 Wellness Products That'll Treat You To Some Well-Deserved Rest And Relaxation
Défi 28 jours sans alcool | Trinquer sobrement en février | La Presse
Accélérer l’innovation locale | Le Devoir
Prince William 'protective' of Kate Middleton; Nicole Kidman confesses 'wild' partying past | Fox News
Les vins de la semaine | Trois vins que vous pouvez déguster sur deux ou trois jours | La Presse
11 Clothing Basics That’ll Become Staples in Your Closet
La coquette du quartier | La vieille âme du village | La Presse
21 Useful Amazon Canada Products That'll Solve Little Problems In Your Life
9 Of The Best Valentine’s Day Gifts That Aren’t Chocolate
7 Stylish Gifts For Their Home And Wardrobe
"This Levoit Humidifier Has Over 20,000 5-Star Reviews, And For Good Reason"
Automotive News and Truck Industry Updates with Fox News | Fox News
Télé-radar | Quoi voir cette semaine sur vos écrans | La Presse
À regarder sur Crave | La Presse
CTV News | Contact CTV News
Génie de demain | Un pont entre l’art et l’intelligence artificielle | La Presse
Request Rejected
"Uncover the Essence of Faith and Values: News, Stories, and Insights on Fox News | Fox News"
Aérospatiale | DCM décolle avec Air Canada | La Presse
10 lucky New Year’s foods from around the world | Fox News
Génie de demain | Une demande forte et diversifiée | La Presse
Yorkton News | Local Breaking | CTV News Yorkton
Simplify your Thanksgiving spread with these 1-pan side dish delights | Fox News
"Jesse Watters Primetime - Friday, January 26 | Fox News Video"
"Gutfeld! - Friday, January 26 | Fox News Video"
Nos produits - La Presse
Le Devoir
Nos concours | La Presse
Le Devoir
"Hannity - Friday, January 26 | Fox News Video"
Associated Press | Fox News
Le Devoir
Inscription aux infolettres La Presse | La Presse
Le Devoir
Le Devoir
5 things to be grateful for even when the world is falling apart | Fox News
Innovation pédagogique | Le Devoir
Le Devoir
Fitness + Well-being | Fox News
9 things you likely didn't know about Jehovah's Witnesses
Le Devoir
La Presse - Archives
Court hands Trudeau embarrassing loss over Freedom Convoy crackdown: 'not justified' | Fox News
The Latest Science News Today | Fox News
LaPresse.ca | Actualités et Infos au Québec et dans le monde
Le Devoir
Le Devoir
Le Devoir
ARCHAEOLOGY | Fox News
NATURAL SCIENCE | Fox News
Drones | Fox News
Computers | Fox News
Faites carrière chez nous - La Presse
Mon abonnement | Le Devoir
Politique de confidentialité - La Presse
Conditions d'utilisation - La Presse
Flux RSS | Le Devoir
HEALTHY LIVING | Fox News
MEDICAL RESEARCH | Fox News
Code de conduite - La Presse
Coronavirus | Fox News
Zero-emission goal still eludes EU | CTV News
Promotion | La Presse
Le Devoir
Le Devoir | Le Devoir
Politique de confidentialité | Le Devoir
CANCER | Fox News
HEART HEALTH | Fox News
Conditions | Le Devoir
MENTAL HEALTH | Fox News
Direction | Le Devoir
Le monde en images | La Presse
Editions La Presse - editionslapresse
Children's Health | Fox News
Dinosaurs | Fox News
Sur la route des migrants | Le Devoir
Abonnement | Le Devoir
Rédaction | Le Devoir
Relever le défi de manger plus local en cinq questions | Le Devoir
Where in the World is FOX? | Fox News
"Investir | François Trahan parle d’une "" bombe à retardement "" en Bourse | La Presse"
Défis des entreprises : six stratégies pour tirer son épingle du jeu | Le Devoir
Participation aux commentaires | Le Devoir
Édition du 2024-01-27 | Le Devoir
Les architectes du paysage | Le Devoir
Plan de site | Le Devoir
Compliance | Fox News
Nous joindre | Le Devoir
Musique : pour que la relève prenne son envol | Le Devoir
Aide | Le Devoir
About NBC News Digital
FAQ | Le Devoir
Media Relations | Fox News
Contact Us
OPINION | Fox News
Accueil | La Presse Atelier
Media Contacts | Media Relations | Fox News
Avis publics | Le Devoir
Avis de décès | Le Devoir
Sky News Radio
Sky News For Your Phone
Carrières | Le Devoir
Inscription aux infolettres La Presse | La Presse
Quebec City kicks off its 70th winter carnival | CTV News
Le Devoir - Solutions Média
'Thank You to the Academy': Biggest Oscar nomination snubs of all time | CTV News
RSS Web Feeds
À fond le ski de fond ! | Le Devoir
Media | Fox News
Sky News Site Map
Sky News Library Sales
Climate Change News and Updates: Stay Up-to-Date on Latest Environmental Developments | NBC News
Sky News people - Sky News presenters and reporters
Sky News policies and standards
Hugo pop ! | Les lunettes de piscine du kidnappeur | La Presse
Sunday's national newspaper front pages | UK News | Sky News
LIFESTYLE | Fox News
Antisemitism Exposed | Fox News
Life at Sea passengers waiting for refund after cruise cancelled | CTV News
POLITICS | Fox News
"NFL | Enfin, les Lions rugissent | La Presse"
"COVID News: Latest News Stories, Trackers, Vaccines, Maps, and Videos | NBC News"
ENTERTAINMENT | Fox News
The 9 best products for Accutane users
"Architecture, patrimoine | La Presse"
US | Fox News
"19 best barrier creams of 2024, according to dermatologists"
"Plein air, vacances, voyage, séjours, escapades, destinations, conseils, tourisme, randonnée, ski, raquette | La Presse"
The 9 best keratosis pilaris treatments of 2024
Chroniques | La Presse
24 best under-eye masks and patches of 2024
TECH | Fox News
Un incroyable château en Gaspésie sauvé par deux Français | Le Devoir
"Vacances, voyage, séjours, escapades, destinations, conseils, tourisme | La Presse"
Dry Skin Care Week: Best Winter Skincare Essentials | NBC News | NBC News
"Océanie, vacances, voyage, séjours, escapades, destinations, conseils, tourisme, Australie, Nouvelle-Zélande | La Presse"
NBC Select Dry Skin Week 2024 essentials as seen on TODAY
Louis Cornellier | Le Devoir
"Cocktail miel, lavande et gingembre | Le Devoir"
"Afrique, vacances, voyage, séjours, conseils, tourisme, Égypte, Éthiopie, Madagascar, Maroc, Marrakech, Tunisie, Djerba, Sénégal, Afrique du Sud | La Presse"
"Amérique latine, vacances, voyage, séjours, conseils, tourisme, Mexique, Costa Rica, Argentine, Colombie, Brésil, Honduras, Amérique du Sud | La Presse"
CTV National News: Families shaken after NWT crash
"Québec, Canada, vacances, voyage, séjours, escapades, destinations, conseils, tourisme, province | La Presse"
Vince McMahon resigns from WWE parent company TKO after sexual misconduct lawsuit filed | US News | Sky News
Jean-François Lisée | Le Devoir
Accessibility Statement
Chroniques | La Presse
"Latest News: Top News Stories, Updates, Videos, and Photos | NBC News"
Health & Fitness Tips | Wellness and Natural Products | Shopping Trends
"Alcools, vin, bière, spiritueux | La Presse"
"Restaurants, bar, chefs, gastronomie | La Presse"
N.B.s news: Synagogue vandalized on Holocaust Rememberance Day | CTV News
Michel David | Le Devoir
Normand Baillargeon | Le Devoir
Louis Hamelin | Le Devoir
Top Skin Care Products & Beauty Advices for Canadians | Shopping Trends
"Alimentation, nutrition, végétarisme | La Presse"
Contact Fox News Channel
"Canada's Best Wardrobe, Jewelry and Fashion Apparel | Shopping Trends"
"Santé, sexualité, éducation | La Presse"
Privacy Policy | Fox News
"Recettes, chefs, cuisine, gastronomie | La Presse"
W5 Team
New Terms of Use | Fox News
"Tendance, magasinage, cosmétiques, boutiques, défilés | La Presse"
FOXNews.com RSS Feeds | Fox News
CTVNews.ca Team
"École, conseils scolaires, sorties, activités, maman, papa, enfants | La Presse"
L’art qui transforme | Le Devoir
CTV News | Follow Us On Social Media
"Mieux-être, régime, forme physique, médecine, cancer, santé | La Presse"
Newsletters & Alerts | Fox News
Chroniques | La Presse
"Cinéma, film, acteur, actrice, réalisateur, réalisatrice, box-office, tournage, cinéma québécois, cinéma américain, cinéma étranger, critiques, bandes-annonces | La Presse"
Fox News Go | Watch Fox News Live Online
Martha Kelner | Sky News
Sam Coates | Sky News
"Nouvelles, potins, célébrités | La Presse"
Podcasts | CTV News
FOX News Free and Premium Podcasts
Apps and Products | Fox News
Latest-News-Video Videos and Video Clips | Fox News Video
"Humour, spectacles, critiques, rire, festival | La Presse"
"Pièces, spectacles, variétés, danse, cirque, critiques | La Presse"
V-Most-Recent-Episodes Videos and Video Clips | Fox News Video
Fox News Shows | Fox News Video
Jon Craig | Sky News
"Expositions, musées, galeries d'art, arts visuels, artistes, sculptures, photos, peintures, oeuvres | La Presse"
"Critiques, entrevues, auteur, lecture, littérature, romans, biographies, récits, BD, bandes dessinées, librairie | La Presse"
CBC Lite | News
CTV News Channel | Watch Live | CTV News
Public Appearances | CBC News
CBC Production Facilities
TV Personalities | Fox News
Power Play | Vassy Kapelos | CTV News
"Théâtre, pièces, spectacles, critiques | La Presse"
Independent Producers
Fox News TV Schedule
Victoria News | Local Breaking | CTV News Vancouver Island
"Quoi regarder sur Netflix, ICI TOU.TV Extra, Crave, Disney +, AppleTV+, Club Illico et Prime Video. | La Presse"
MyCBC Ad Preferences: Control your settings
Shows | Fox News
Vancouver News | Local Breaking | CTV News Vancouver
CBC.ca
Winnipeg News | CTV News Winnipeg
"Émissions, critiques, programmation, télévision, plateformes numériques | La Presse"
"Musique, critiques, concerts, entrevues, spectacles, chanson, disques, rock, pop, hip hop, rap, classique, jazz, blues | La Presse"
WILD NATURE | Fox News
Toronto News Today | Ontario News | CTV News Toronto
Windsor News | Local Breaking | CTV News Windsor
Corrections and clarifications | CBC News
Saskatoon News | Local Breaking | CTV News Saskatoon
Military Tech | Fox News
Writing by hand may increase brain connectivity more than typing
Chroniques | La Presse
PLANET EARTH | Fox News
Rappels automobile | La Presse
Konrad Yakabuski | Le Devoir
Innovation | Fox News
"Voitures électriques, hybride | La Presse"
CBC.ca - RSS Feeds
Ottawa News | Local Breaking | CTV News Ottawa
Gérard Bérubé | Le Devoir
Tech News - The Latest Technology News | Fox News
"Cyclisme, UCI, vélo | La Presse"
Faith | Fox News
Caricature - Le coup de crayon du 27 janvier | Le Devoir
"Basketball, NBA, résultats, classement, statistiques, classement | La Presse"
CBC.ca
Navigating Family Values in Today's News Landscape | Fox News
Northern Ontario News | Local Breaking | CTV News Northern Ontario
Benefits | CBC Gem
Style + Beauty | Fox News
Sault Ste. Marie News | Local Breaking | CTV News Sault Ste. Marie
Newsletter Subscriptions
House and Home | Fox News
Montreal News | Local Breaking | CTV News Montreal
"Golf, PGA, LPGA, AGPQ, EPGA, résultats, calendrier, classement | La Presse"
"Boxe, arts martiaux mixtes, UFC | La Presse"
REAL ESTATE | Fox News
"Course automobile, Formule 1, Nascar | La Presse"
World Travel News & Destinations with Fox News | Fox News
"Baseball, ligue nationale, ligue américaine, MLB, résultats, statistiques, classement | La Presse"
Kitchener News | Local Breaking | CTV News Kitchener
AUTO | Fox News
"Tennis, tournois, ATP, WTA, résultats, statistiques, classement | La Presse"
London News | Weather & Local Breaking | CTV News London
Kingston | Local Breaking | CTV News Ottawa
"Football, LCF, NFL, CFL, Alouettes, calendrier, résultats, statistiques, classement | La Presse"
"Top Trending Food & Drink News - Restaurant Guides, Food Experts & More | Fox News"
Épreuve de révision Antidote | Le Devoir
Current Health News & Updates For the Mind & Body | Fox News
WWE | Fox News
"Soccer, Impact, foot, résultats, statistiques, classement | La Presse"
Guelph News | Local Breaking | CTV News Guelph
Lethbridge News | Local Breaking | CTV News Lethbridge
Calgary News | Local Breaking | CTV News Calgary
Edmonton News | CTV News | Edmonton Weather
Jeux olympiques | La Presse
Mots croisés | Le Devoir
Sudoku | Le Devoir
Jeu-questionnaire | Le Devoir
Infolettres | Le Devoir
Soccer | Fox News
Tennis | Fox News
Barrie News | Local Breaking | CTV News Barrie
Chroniques | La Presse
Atlantic News | Local Breaking | CTV News Atlantic
Les As de l'info | Le Devoir
"Portfolio, conseil, portrait, tendance, secteurs, activités, énergie, ressources naturelles, manufacturier, agroalimentaire, automobile, béton, chimique, cinéma, construction, culturelle, énergie, ferroviaire, mécanique, métallurgie, papetière, pétrolière, sidérurgie, textile | La Presse"
Le Devoir
CTV News | CTV News on Voice Assistant Devices
Internet: Social Media News & Web Trends | NBC News
"Pop Culture News: Music, Movies, TV, Celebrities and More | NBC News"
Golf | Fox News
"nouvelles, actualités, entreprise, petites et moyennes entreprises, pme, conseils, stratégies, innovation | La Presse"
UFC | Fox News
"Nouvelles, actualités, consommation, consommateurs, carte de crédit, achat, dette, endettement, budget, prêt hypothécaire, hypothèque, épargne, argent, bancaire, banque, REER, REEE, retraite, conseils | La Presse"
Le Devoir
Vidéos | Le Devoir
Tous nos contenus interactifs | Le Devoir
College Football | Fox News
"Nouvelles, actualité, immobilier, transactions, construction, développement résidentiel, commercial, industriel | La Presse"
NBA | Fox News
NFL | Fox News
CTV News App | Top Stories | Breaking News
CTV Question Period with Vassy Kapelos | CTV News
"Médias, magazine, journalisme, diffuseurs, radiodiffuseurs, télédiffuseurs, plateformes d'écoute | La Presse"
Actualité sportive - Nouvelles du sport | Le Devoir
"nouvelles, actualités, entreprise, compagnie, résultat, résultats financier, rendement, profit, action, actionnaire, dividende, bénéfice, prévisions, perte, trimestre, revenus, gains | La Presse"
Suggestions voyages - Guides de tourismes | Le Devoir
"Économie, taux d'intérêt, matières premières | La Presse"
Entertainment Videos and Video Clips | Fox News Video
"Nouvelles, actualités, bourse, marchés, place, indices, titres, actifs, transactions, initiés, portefeuille,investissements | La Presse"
Omar Sachedina | Sandie Rinaldo | CTV National News
Suggestions Vin | Le Devoir
Style | Fox News
Suggestions restaurants | Le Devoir
Chroniques | La Presse
Trucs jardinage - Entretien de jardin | Le Devoir
TV | Fox News
Music | Fox News
Chroniques | La Presse
Winnipeg News | Local Breaking | CTV News Winnipeg
Tendance alimentaire et gastronomie - Plaisirs du palais | Le Devoir
Celebrity News | Fox News
Opinions | La Presse
Windsor News | Local Breaking | CTV News Windsor
CTV News Vancouver | Watch latest news
Deaf TikTok star who died from taking poison | UK News | Sky News
Nanaimo News
RELIGION | Fox News
Watch CTV News | Local Video | CTV News Ottawa
CTV Regina Video | News Videos & Breaking News
Nos suggestions culturelles de la semaine | Le Devoir
"Actualités internationales, Europe, France, Allemagne, Grande-Bretagne, Espagne, Italie | La Presse"
Lire | Le Devoir
Veterans | NBC News
Coven | Films | CBC Gem
"Actualités internationales, États-Unis | La Presse"
Actualité théâtre - Premières théâtrales | Le Devoir
"Actualités internationales, Caraïbes | La Presse"
GLOBAL ECONOMY | Fox News
NBC News Now Live Audio: Listen to live news audio all day
Search for the Smugglers | CBC.ca
"Actualités internationales, Asie, Océanie, Chine, Japon | La Presse"
"Actualité musique - Lancement de disques, spectacles | Le Devoir"
DISASTERS | Fox News
NBC News Podcasts | NBC News
Watch CTV News Northern Ontario | Local News Video | Top Headlines
TERRORISM | Fox News
ENVIRONMENT | Fox News
Watch Local Breaking News | Montreal News
NBC News Newsletters | NBC News
Actualité danse - Nouveaux spectacles de danse | Le Devoir
Watch CTV News London | Local News Video | Top Headlines
"Actualités internationales, Amérique latine, Mexique, Chili, Brésil, Argentine, Colombie | La Presse"
NBC News special features and projects | NBC News
CBC Gem
"Arts visuels - Nouvelles expositions, vernissages | Le Devoir"
This company boasts a high fibre product - but is their valuation even higher? | CBC.ca
CONFLICTS | Fox News
Chroniques | La Presse
"Actualités internationales, Afrique | La Presse"
UNITED NATIONS | Fox News
Actualité Cinéma - Nouvelles sorties de film | Le Devoir
"2024 Election Results, Latest News & Updates | Fox News Elections Center"
Médias | Le Devoir
Fox News Polls & Official Poll Results: Latest Poll Insights & Trends | Fox News
Edmonton News | Watch Local Breaking News
Watch live | Video and livestreams | CTV News
"Astronomie, espace, découvertes, génétique | La Presse"
Écrans | Le Devoir
Watch CTV News Kitchener | Local News Video | Top Headlines
"Environnement, Climat, écologie, recyclage, espèces en danger, pollution, politique verte | La Presse"
"Éducation, écoles, universités, cégeps, collèges | La Presse"
FOREIGN POLICY | Fox News
Actualité culturelle - Nouvelles et critiques artistiques | Le Devoir
CTV News Calgary | Local News Video - Top Headlines
Live Radio | CBC Listen
[no-title]
NBC News NOW | NBC News
JUDICIARY | Fox News
"Santé, santé mentale, politique, médecine | La Presse"
CTV Barrie - a part of the CTV News Video Network
Watch CTV News Atlantic | Local News Video | Top Headlines
Actualité Europe - Nouvelles européennes | Le Devoir
SENATE | Fox News
Actualité États-Unis - Nouvelles américaines - USA | Le Devoir
HOUSE OF REPRESENTATIVES | Fox News
"Justice, faits divers, procès, police, fusillades, homicides, poursuites, accidents, catastrophes, incendies, meurtres, noyade, crime | La Presse"
Watch live | Video and livestreams | CTV News
Amériques | Le Devoir
Actualités régionales | La Presse
Icon of the Seas: World's largest cruise ship sets sail | US News | Sky News
"LGBTQ news: Pride, latest headlines, breaking news and video - NBC Out | NBC News"
EXECUTIVE | Fox News
Moyen-Orient | Le Devoir
Actualités du Grand Montréal | La Presse
"Latino news, community, culture & video | NBC News"
Asie | Le Devoir
Black News and Culture | NBCBLK | NBC News
"Asian America: News headlines, culture, video & more | NBC News"
Digital Originals | Fox News
CTV News | COVID news | Vaccine mandates
Photos | In Pictures | CTV News
"Politique, politique canadienne, politique québécoise | La Presse"
"Select | Deals, Tips and Product Reviews | Select | NBC News"
Happening Now | News Today | CTV News
Afrique | Le Devoir
PERSONAL FREEDOMS | Fox News
Actualités nationales | La Presse
Analyses | La Presse
Actualité internationale - Nouvelles internationales | Le Devoir
Actualité économique - Nouvelles économiques | Le Devoir
Photo: Latest Compelling Image Galleries. Photos & More - NBC News | NBC News
Transports / Urbanisme | Le Devoir
IMMIGRATION | Fox News
Éditoriaux | La Presse
Aging in Canada | Canadian seniors | CTV News
EDUCATION | Fox News
Sign up for email newsletters | CTV News
Santé | Le Devoir
Fox News Investigates | Fox News
Israel-Hamas War | Israel News | CTV News
"Le Devoir de philo, d’histoire, de littérature et d’éducation | Le Devoir"
MILITARY | Fox News
Latest Video News | Sky News
The Latest News from the UK and Around the World | Sky News
Investigations: U.S. & World News Investigations | NBC News
CRIME | Fox News
Canada Real Estate News | Housing Market | CTV News
Local Spotlight | Canada This Month | CTV News
Actualité judiciaire | Le Devoir
NBC Affiliates
Sorry - we can't find that page
Latest Data and Forensics | Sky News
True Crime | Fox News
Éducation | Le Devoir
"Habitation, condos, décoration, rénovation, cour, jardin | La Presse"
Actualité consommation - Nouvelles sur la consommation | Le Devoir
News Live - Video | CBC.ca
Latest News Analysis | Sky News
Lifestyle trends | CTV News
"Vacances, séjours, escapades, plein air, destinations, aubaines, conseils, tourisme, actualités | La Presse"
In Focus: the best of videos and photos from NBC News | NBC News
Actualité société - Enjeux de société | Le Devoir
Weird News - Strange and Odd News Stories | Sky News
"Gourmand, cuisine, recettes, vins, bière, spiritueux, restaurants | La Presse"
Actualité environnement - Nouvelles environnementales | Le Devoir
"Sports News | NHL, NBA, MLB, MLS, NFL | CTV News"
CBC Television
Business News - Markets reports and financial news from Sky | Sky News
Entertainment news and celebrity headlines | CTV News
"Famille, mode, santé, sexe, société, animaux | La Presse"
Watch Fox News Channel Online | Stream Fox News
Meet the Press: Inside Takes on the Latest Stories with Kristen Welker | NBC News
Entertainment News - Latest Celebrity & Showbiz News | Sky News
CBC Gem
CBC Music
Fox News Lifestyle Updates & Happenings | Fox News
"Auto, Guide automobile, conseils, moto | La Presse"
Health news in Canada | CTV News | Canadian healthcare
"Actualité municipale, Montréal | Le Devoir"
"Latest Weather News: Winter Storm Warnings, Updates, Video, Photos and More | NBC News"
La Presse | Je soutiens La Presse
Climate - Latest news on climate change and the environment - Sky News
"Culture & Trends: Latest News, Photos and Videos | NBC News | NBC News"
Politique Québec - Actualité politique québécoise | Le Devoir
Politique Canada - Actualité politique canadienne | Le Devoir
Daily Entertainment News & Celebrity Updates with Fox News Entertainment | Fox News
"CBC Sports - Sports news, opinion, video and streaming"
"Affaires, Économie, finance, finances personelles, entreprises, PME, monde des affaires, technologies | La Presse"
"The Latest Sports News, Updates & Articles | Fox News"
"Sports, hockey, Canadien, baseball, football, golf, soccer, tennis, boxe, arts martiaux mixtes, ski et surf, basketball, cyclisme | La Presse"
CBC Radio
"2024 Presidential Election: News, Polls, Events and More | NBC News"
Political News - International and UK Politics | Sky News
"CBC News - Latest Canada, World, Entertainment and Business News"
Actualité politique - Nouvelles politiques | Le Devoir
Israel-Hamas War | Sky News
Politics in Canada | Justin Trudeau News | CTV News
US News - The latest headlines from the US | Sky News
NBC News Tips - NBC News
Contexte | La Presse
World News - Breaking international news and headlines | Sky News
Media News & Industry Updates | Fox News
CTV News | Inflation Canada
"Political News: State of the Union, White House, Congress, Photos, Videos & More. | NBC News"
Lettres | Le Devoir
Libre opinion | Le Devoir
Russia-Ukraine war | CTV News
World News Today Updates & Daily Headlines | Fox News
[no-title]
Trending Opinion News & Updates | Fox News
[no-title]
UK News - The latest headlines from the UK | Sky News
